ID,Artist,Title,Date,Genre,Rarity,Medium,Value Scale,Height (cm),Width (cm),Image Name,NSFW
0,Pablo Picasso,Guernica,1937????,ABSTRACT,MASTERPIECE,Oil,0.87,350,780,picasso_guernica.bmp,no
1,Pablo Picasso,Les Demoiselles d'Avignon,1907????,ABSTRACT,LEGENDARY,Oil,0.89,243,234,picasso_demoiselles.bmp,no
2,Pablo Picasso,The Old Guitarist,1904????,ABSTRACT,MASTERPIECE,Oil,0.463,123,83,picasso_old.bmp,no
3,Pablo Picasso,Le Reve,1932????,ABSTRACT,LEGENDARY,Oil,0.78,130,97,picasso_reve.bmp,no
4,Pablo Picasso,Girl before a Mirror,1932????,ABSTRACT,LEGENDARY,Oil,0.266,162,130,picasso_girl.bmp,no
5,Vincent van Gogh,The Starry Night,1889????,POST-IMPRESSIONISM,MASTERPIECE,Oil,0.708,74,92,gogh_starry.bmp,no
6,Vincent van Gogh,The Potato Eaters,1885????,POST-IMPRESSIONISM,LEGENDARY,Oil,0.493,82,114,gogh_potato.bmp,no
7,Vincent van Gogh,Cafe Terrace at Night,1888????,POST-IMPRESSIONISM,LEGENDARY,Oil,0.928,81,65,gogh_cafe.bmp,no
8,Vincent van Gogh,Irises,1889????,POST-IMPRESSIONISM,LEGENDARY,Oil,0.814,71,93,gogh_irises.bmp,no
9,Vincent van Gogh,Wheatfield with Crows,1890????,IMPRESSIONISM,LEGENDARY,Oil,0.109,50,103,gogh_wheatfield.bmp,no
10,Salvador Dali,The Persistence of Memory,1931????,SURREALISM,MASTERPIECE,Oil,0.5,24,33,dali_persistence.bmp,no
11,Salvador Dali,Dream Caused by the Flight of a Bee Around a Pomegranate a Second Before Awakening,1944????,SURREALISM,LEGENDARY,Oil,0.668,51,41,dali_dream.bmp,no
12,Salvador Dali,Swans Reflecting Elephants,1937????,SURREALISM,LEGENDARY,Oil,0.057,51,77,dali_swans.bmp,no
13,Salvador Dali,Soft Construction with Boiled Beans (Premonition of Civil War),1936????,SURREALISM,LEGENDARY,Oil,0.468,100,99,dali_self.bmp,no
14,Salvador Dali,The Disintegration of the Persistence of Memory,1954????,SURREALISM,LEGENDARY,Oil,0.965,25,33,dali_disintegration.bmp,no
15,Andy Warhol,Campbell's Soup Can,1962????,MODERNISM,MASTERPIECE,Synthetic Polymer,0.43,51,41,warhol_campbell.bmp,no
16,Andy Warhol,Marilyn Diptych,1962????,MODERNISM,LEGENDARY,Silkscreen,0.017,205.44,289.56,warhol_marilyn.bmp,no
17,Andy Warhol,Eight Elvises,1963????,MODERNISM,LEGENDARY,Silkscreen,0.579,200,370,warhol_eight.bmp,no
18,Andy Warhol,Gold Marilyn Monroe,1962????,MODERNISM,LEGENDARY,Silkscreen,0.155,211,145,warhol_gold.bmp,no
19,Andy Warhol,Race Riot,1964????,MODERNISM,RARE,Acrylic,0.7,150,170,warhol_race.bmp,no
20,Leonardo da Vinci,Mona Lisa,1517????,PORTRAIT,MASTERPIECE,Oil,0.99,77,53,vinci_mona.bmp,no
21,Leonardo da Vinci,The Last Supper,1498????,SCENE,MASTERPIECE,Oil,0.78,460,880,vinci_last.bmp,no
22,Leonardo da Vinci,Virgin of the Rocks,1486????,SCENE,LEGENDARY,Oil,0.756,199,122,vinci_virgin.bmp,no
23,Leonardo da Vinci,Lady with an Ermine,1490????,PORTRAIT,LEGENDARY,Oil,0.737,54,39,vinci_lady.bmp,no
24,Leonardo da Vinci,Vitruvian Man,1490????,SKETCH,LEGENDARY,Ink,0.361,34,26,vinci_vitruvian.bmp,no
25,Claude Monet,"Impression, Sunrise",1872????,IMPRESSIONISM,MASTERPIECE,Oil,0.681,48,63,monet_impression.bmp,no
26,Claude Monet,Le Bassin Aux Nympheas,1919????,IMPRESSIONISM,LEGENDARY,Oil,0.353,100.4,201,monet_bassin.bmp,no
27,Claude Monet,San Giorgio Maggiore at Dusk,1912????,IMPRESSIONISM,LEGENDARY,Oil,0.507,65.2,92.4,monet_san.bmp,no
28,Claude Monet,Bain a la Grenouillere,1869????,IMPRESSIONISM,LEGENDARY,Oil,0.888,75,100,monet_bain.bmp,no
29,Claude Monet,Garden at Sainte-Adresse,1867????,SCENE,LEGENDARY,Oil,0.877,98,130,monet_garden.bmp,no
30,Henri Matisse,Dance,1910????,MODERNISM,RARE,Oil,0.528,260,390,matisse_dance.bmp,no
31,Henri Matisse,Blue Nude II,1952????,MODERNISM,LEGENDARY,Oil,0.641,116,89,matisse_blue.bmp,no
32,Henri Matisse,Woman with a Hat,1905????,FAUVISM,LEGENDARY,Oil,0.684,31,24,matisse_woman.bmp,no
33,Henri Matisse,The Open Window,1905????,MODERNISM,LEGENDARY,Oil,0.116,55.3,46,matisse_open.bmp,no
34,Henri Matisse,"Luxe, Calme et Volupte",1904????,MODERNISM,RARE,Oil,0.762,98.5,118.5,matisse_luxe.bmp,no
35,Piet Mondrian,Broadway Boogie-Woogie,1943????,MODERNISM,LEGENDARY,Oil,0.394,127,127,mondrian_broadway.bmp,no
36,Piet Mondrian,"Composition with Red, yellow, and Blue",1942????,MODERNISM,LEGENDARY,Oil,0.163,72.5,69,mondrian_composition.bmp,no
37,Piet Mondrian,Gray Tree,1912????,MODERNISM,RARE,Oil,0.984,78.5,107.5,mondrian_gray.bmp,no
38,Piet Mondrian,Victory Boogie-Woogie,1944????,MODERNISM,RARE,"Charcoal, Oil",0.914,127,127,mondrian_victory.bmp,no
39,Piet Mondrian,Composition in Oval with Color Planes 2,1914????,MODERNISM,RARE,Oil,0.38,108,79,mondrian_oval.bmp,no
40,Georgia O'Keeffe,Ram's Head White Hollyhock and Little Hills,1935????,ABSTRACT,LEGENDARY,Oil,0.522,76.2,91.5,okeeffe_ram.bmp,no
41,Georgia O'Keeffe,"Cow's Skull: Red, White, and Blue",1931????,ABSTRACT,LEGENDARY,Oil,0.452,101.3,91.1,okeeffe_cow.bmp,no
42,Georgia O'Keeffe,Sky Above Clouds IV,1965????,ABSTRACT,LEGENDARY,Oil,0.381,244,730,okeeffe_sky.bmp,no
43,Georgia O'Keeffe,Blue and Green Music,1921????,ABSTRACT,RARE,Oil,0.482,58.4,48.3,okeeffe_blue.bmp,no
44,Georgia O'Keeffe,Lake George [formerly Reflection Seascape],1922????,ABSTRACT,LEGENDARY,Oil,0.168,41.3,55.9,okeeffe_lake.bmp,no
45,Edgar Degas,"After the Bath, Woman drying herself",1895????,PORTRAIT,LEGENDARY,Oil,0.649,103.5,98.5,degas_after.bmp,no
46,Edgar Degas,The Bellelli Family,1867????,SCENE,RARE,Oil,0.091,200,253,degas_bellelli.bmp,no
47,Edgar Degas,Interior,1869????,SCENE,LEGENDARY,Oil,0.715,81,114,degas_interior.bmp,no
48,Edgar Degas,Ballet Rehearsal,1873????,SCENE,RARE,Oil,0.75,46,61,degas_ballet.bmp,no
49,Edgar Degas,L'Absinthe,1876????,SCENE,LEGENDARY,Oil,0.989,92,68,degas_labsinthe.bmp,no
50,Marcel Duchamp,Nude Descending a Staircase,1912????,DADAISM,RARE,Oil,0.677,147,90,duchamp_nude.bmp,no
51,Marcel Duchamp,L.H.O.O.Q.,1919????,DADAISM,RARE,Oil,0.682,19.7,12.4,duchamp_lhooq.bmp,no
52,Marcel Duchamp,Chocolate Grinder (No. 1),1913????,DADAISM,RARE,Oil,0.346,61.9,64.5,duchamp_chocolate.bmp,no
53,Jackson Pollock,"No. 5, 1984",1984????,ABSTRACT,MASTERPIECE,Oil,0.63,244,122,pollock_no5.bmp,no
54,Jackson Pollock,"Number 11, 1952",1954????,ABSTRACT,LEGENDARY,Oil,0.55,210,490,pollock_number11.bmp,no
55,Jackson Pollock,"One: Number 31, 1950",1950????,ABSTRACT,LEGENDARY,Oil,0.145,270,530,pollock_one.bmp,no
56,Jackson Pollock,Convergence,1952????,ABSTRACT,RARE,Oil,0.87,237.5,393.7,pollock_convergence.bmp,no
57,Jackson Pollock,The Deep,1953????,ABSTRACT,RARE,"Oil, Enamel",0.56,220.4,150.2,pollock_deep.bmp,no
58,Gustav Klimt,The Kiss,1908????,ABSTRACT,MASTERPIECE,"Gold, Oil",0.26,180,180,klimt_kiss.bmp,no
59,Gustav Klimt,Portrait of Adele Bloch-Bauer I,1907????,ABSTRACT,LEGENDARY,"Gold, Oil",0.62,138,138,klimt_portrait.bmp,no
60,Gustav Klimt,The Maiden,1913????,ABSTRACT,RARE,Oil,0.881,190,200,klimt_maiden.bmp,no
61,Gustav Klimt,The Three Ages of Woman,1905????,ABSTRACT,RARE,Oil,0.71,180,180,klimt_three.bmp,no
62,Gustav Klimt,Death and Life,1916????,ABSTRACT,RARE,Oil,0.819,178,198,klimt_death.bmp,no
63,Paul Cezanne,The Large Bathers,1905????,POST-IMPRESSIONISM,RARE,Oil,0.91,210,251,cezanne_large.bmp,no
64,Paul Cezanne,Still Life with Apples,1898????,POST-IMPRESSIONISM,LEGENDARY,Oil,0.732,69,93,cezanne_still.bmp,no
65,Paul Cezanne,Chateau Noir,1904????,POST-IMPRESSIONISM,LEGENDARY,Oil,0.934,74,93,cezanne_chateau.bmp,no
66,Paul Cezanne,The Basket of Apples,1893????,POST-IMPRESSIONISM,LEGENDARY,Oil,0.35,65,80,cezanne_basket.bmp,no
67,Paul Cezanne,The Boy in the Red Vest,1890????,POST-IMPRESSIONISM,RARE,Oil,0.129,81,64,cezanne_boy.bmp,no
68,Rembrandt,The Night Watch,1642????,PORTRAIT,LEGENDARY,Oil,0.547,363,437,rembrandt_night.bmp,no
69,Rembrandt,The Anatomy Lesson of Dr. Nicolaes Tulp,1632????,SCENE,LEGENDARY,Oil,0.267,170,216,rembrandt_anatomy.bmp,no
70,Rembrandt,The Jewish Bride,1669????,SCENE,RARE,Oil,0.679,122,166,rembrandt_jewish.bmp,no
71,Rembrandt,The Return of the Prodigal Son,1669????,SCENE,LEGENDARY,Oil,0.231,262,205,rembrandt_return.bmp,no
72,Rembrandt,The Storm on the Sea of Galilee,1633????,SCENE,RARE,Oil,0.46,160,128,rembrandt_storm.bmp,no
73,Paul Klee,Twittering Machine,1922????,MODERNISM,LEGENDARY,"Watercolor, Gouache",0.54,63.8,48.1,klee_twittering.bmp,no
74,Paul Klee,Senecio,1922????,MODERNISM,RARE,"Gauze, Oil",0.791,40,38,klee_senecio.bmp,no
75,Paul Klee,Red Balloon,1922????,MODERNISM,LEGENDARY,"Muslin, Chalk, Oil",0.76,32,31,klee_red.bmp,no
76,Paul Klee,A Young Lady's Adventure,1922????,MODERNISM,RARE,Watercolor,0.89,44,31,klee_young.bmp,no
77,Paul Klee,Der Goldfisch,1925????,MODERNISM,RARE,"Watercolor, Oil",0.045,48,68,klee_goldfisch.bmp,no
78,Frida Kahlo,Fulang-Chang and I,1937????,PORTRAIT,UNCOMMON,Oil,0.619,40,28,kahlo_fulang.bmp,no
79,Frida Kahlo,Self-Portrait wtih Thorn Necklace and Hummingbird,1940????,PORTRAIT,RARE,Oil,0.322,63.5,49.5,kahlo_self.bmp,no
80,Frida Kahlo,Me and My Parrots,1946????,PORTRAIT,UNCOMMON,Oil,0.422,82,62.8,kahlo_me.bmp,no
81,Frida Kahlo,Frieda and Diego Rivera,1931????,PORTRAIT,RARE,Oil,0.972,100,79,kahlo_frieda.bmp,no
82,Frida Kahlo,Henry Ford Hospital (The Flying Bed),1932????,SURREALISM,RARE,Oil,0.965,30.5,38,kahlo_henry.bmp,no
83,Joan Miro,Portrait of Vincent Nubiola,1917????,FAUVISM,UNCOMMON,Oil,0.438,104,113,miro_portrait.bmp,no
84,Joan Miro,The Farm,1921????,FAUVISM,RARE,Oil,0.338,132,147,miro_farm.bmp,no
85,Joan Miro,The Ear of Grain,1923????,FAUVISM,RARE,Oil,0.003,37.8,46,miro_ear.bmp,no
86,Joan Miro,The Tilled Field,1923????,FAUVISM,UNCOMMON,Oil,0.574,66,92.7,miro_tilled.bmp,no
87,Joan Miro,Maternity,1924????,FAUVISM,RARE,Oil,0.016,92,73,miro_maternity.bmp,no
88,Paul Gauguin,When will you marry?,1892????,POST-IMPRESSIONISM,RARE,Oil,0.82,101,77,gauguin_when.bmp,no
89,Paul Gauguin,Where Do We Come From? What Are We? Where Are We Going?,1897????,POST-IMPRESSIONISM,UNCOMMON,Oil,0.746,139,375,gauguin_where.bmp,no
90,Paul Gauguin,Two Tahitian Women,1899????,POST-IMPRESSIONISM,RARE,Oil,0.294,94,72,gauguin_two.bmp,no
91,Paul Gauguin,The Yellow Christ,1889????,POST-IMPRESSIONISM,UNCOMMON,Oil,0.873,91,73,gauguin_yellow.bmp,no
92,Paul Gauguin,Vision After the Sermon,1888????,POST-IMPRESSIONISM,RARE,oil,0.484,73,92,gauguin_vision.bmp,no
93,Edvard Munch,The Scream,1893????,ABSTRACT,MASTERPIECE,Oil,0.67,91,74,munch_scream.bmp,no
94,Edvard Munch,Madonna,1895????,ABSTRACT,RARE,Oil,0.197,91,70.5,munch_madonna.bmp,no
95,Edvard Munch,Anxiety,1894????,ABSTRACT,RARE,Oil,0.517,94,74,munch_anxiety.bmp,no
96,Edvard Munch,Melancholy,1891????,ABSTRACT,RARE,Oil,0.541,72,98,munch_melancholy.bmp,no
97,Edvard Munch,Dance in the Sickroom,1893????,EXPRESSIONISM,RARE,Oil,0.53,134.5,160,munch_dance.bmp,no
98,Pierre-Auguste Renoir,Bal du moulin de la Galette,1876????,IMPRESSIONISM,MASTERPIECE,Oil,0.23,131,175,renoir_dance.bmp,no
99,Pierre-Auguste Renoir,Luncheon of the Boating Party,1881????,IMPRESSIONISM,LEGENDARY,Oil,0.076,130,173,renoir_luncheon.bmp,no
100,Pierre-Auguste Renoir,Two Sisters (On the Terrace),1881????,IMPRESSIONISM,RARE,Oil,0.77,100.5,81,renoir_two.bmp,no
101,Pierre-Auguste Renoir,The Umbrellas,1881????,IMPRESSIONISM,RARE,Oil,0.813,180.3,114.9,renoir_umbrellas.bmp,no
102,Pierre-Auguste Renoir,Girl With a Watering Can,1876????,IMPRESSIONISM,UNCOMMON,Oil,0.99,100,73,renoir_girl.bmp,no
103,Roy Lichtenstein,Whaam!,1963????,POP ART,RARE,Oil,0.089,170,400,lichtenstein_whaam.bmp,no
104,Roy Lichtenstein,Drowning Girl,1963????,POP ART,UNCOMMON,Oil,0.739,172,170,lichtenstein_drowning.bmp,no
105,Roy Lichtenstein,Look Mickey,1961????,POP ART,RARE,Oil,0.94,121.9,174.3,lichtenstein_look.bmp,no
106,Roy Lichtenstein,Hopeless,1963????,POP ART,UNCOMMON,Oil,0.718,111.8,111.8,lichtenstein_hopeless.bmp,no
107,Roy Lichtenstein,Masterpiece,1962????,POP ART,RARE,Oil,0.746,137,137,lichtenstein_masterpiece.bmp,no
108,Raphael,Sistine Madonna,1512????,PORTRAIT,LEGENDARY,Oil,0.097,104,77,raphael_sistine.bmp,no
109,Raphael,The Transfiguration,1520????,HISTORIC,LEGENDARY,Oil,0.479,405,278,raphael_transfiguration.bmp,no
110,Raphael,Saint George and the Dragon,1506????,HISTORIC,RARE,Oil,0.492,28,22,raphael_saint.bmp,no
111,Raphael,Portrait of Pope Julius II,1511????,PORTRAIT,UNCOMMON,Oil,0.749,108,81,raphael_portrait.bmp,no
112,Raphael,Madonna and Child with the Book,1503????,PORTRAIT,RARE,Oil,0.578,55,45,raphael_madonna.bmp,no
113,Marc Chagall,I and the Village,1911????,SURREALISM,RARE,Oil,0.017,192,151,chagall_village.bmp,no
114,Marc Chagall,Self Portrait with Seven Fingers,1913????,SURREALISM,UNCOMMON,Oil,0.424,128,107,chagall_self.bmp,no
115,Marc Chagall,Over Vitebsk,1915????,SURREALISM,UNCOMMON,Oil,0.988,67,93,chagall_over.bmp,no
116,Marc Chagall,The Poet Reclining,1915????,SURREALISM,RARE,Oil,0.969,77,77.5,chagall_poet.bmp,no
117,Marc Chagall,White Crucifixion,1938????,SURREALISM,RARE,Oil,0.344,155,140,chagall_white.bmp,no
118,Rene Magritte,The Son of Man,1964????,SURREALISM,MASTERPIECE,Oil,0.11,116,89,magritte_son.bmp,no
119,Rene Magritte,The Trechery of Images,1929????,SURREALISM,RARE,Oil,0.671,63.5,94,magritte_trechery.bmp,no
120,Rene Magritte,Golcanda,1953????,SURREALISM,RARE,Oil,0.454,81,100,magritte_golcanda.bmp,no
121,Rene Magritte,Not to be Reproduced,1937????,SURREALISM,RARE,Oil,0.495,65,81.3,magritte_not.bmp,no
122,Rene Magritte,The Human Condition,1933????,SURREALISM,RARE,Oil,0.604,100,81,magritte_human.bmp,no
123,Johannes Vermeer,Girl with a Pearl Earring,1665????,PORTRAIT,LEGENDARY,Oil,0.362,44,39,vermeer_girl.bmp,no
124,Johannes Vermeer,The Kitchen Maid,1658????,PORTRAIT,RARE,Oil,0.256,46,41,vermeer_kitchen.bmp,no
125,Johannes Vermeer,The Art of Painting,1666????,HISTORIC,UNCOMMON,Oil,0.477,130,110,vermeer_art.bmp,no
126,Johannes Vermeer,The Concert,1664????,SCENE,RARE,Oil,0.958,69,63,vermeer_concert.bmp,no
127,Johannes Vermeer,The Astronomer,1668????,PORTRAIT,RARE,Oil,0.617,51,45,vermeer_astronomer.bmp,no
128,Georges Seurat,A Sunday Afternoon on the Island of La Grande Jatte,1886????,POINTISM,MASTERPIECE,Oil,0.41,208,310,seurat_sunday.bmp,no
129,Georges Seurat,Bathers at Asnieres,1884????,POINTISM,RARE,Oil,0.359,201,300,seurat_bathers.bmp,no
130,Georges Seurat,The Circus,1891????,IMPRESSIONISM,RARE,Oil,0.267,185,142,seurat_circus.bmp,no
131,Georges Seurat,Can-Can,1890????,POINTISM,UNCOMMON,Oil,0.583,172,140,seurat_can.bmp,no
132,Georges Seurat,The Lighthouse at Honfleur,1886????,POINTISM,RARE,Oil,0.306,67,82,seurat_lighthouse.bmp,no
133,Mark Rothko,Untitled (Black on Gray),1970????,ABSTRACT,UNCOMMON,Oil,0.089,203.3,175.5,rothko_untitled.bmp,no
134,Mark Rothko,"Orange, Red, Yellow",1961????,ABSTRACT,UNCOMMON,Oil,0.297,236.2,206.4,rothko_orange.bmp,no
135,Mark Rothko,No. 1 (Royal Red and Blue),1954????,ABSTRACT,UNCOMMON,Oil,0.938,288.9,171.5,rothko_no.bmp,no
136,Mark Rothko,Four Darks in Red,1958????,ABSTRACT,RARE,Oil,0.766,259.1,294.6,rothko_four.bmp,no
137,Mark Rothko,No. 61 (Rust and Blue),1951????,ABSTRACT,RARE,Oil,0.06,115,92,rothko_rust.bmp,no
138,Edward Hopper,Nighthawks,1942????,MODERNISM,MASTERPIECE,Oil,0.36,84.1,152.4,hopper_nighthawks.bmp,no
139,Edward Hopper,Automat,1927????,MODERNISM,LEGENDARY,Oil,0.031,71,91,hopper_automat.bmp,no
140,Edward Hopper,Chop Suey,1929????,MODERNISM,RARE,Oil,0.689,81,96,hopper_chop.bmp,no
141,Edward Hopper,Early Sunday Morning,1930????,MODERNISM,UNCOMMON,Oil,0.976,89.4,153,hopper_early.bmp,no
142,Edward Hopper,New York Movie,1939????,MODERNISM,RARE,Oil,0.224,82,102,hopper_new.bmp,no
143,Keith Haring,"Untitled, 1982",1982????,POP ART,UNCOMMON,Oil,0.95,271.8,406.4,haring_untitled1982.bmp,no
144,Keith Haring,"Untitled, 1985",1985????,POP ART,UNCOMMON,Oil,0.429,325.4,335.3,haring_untitled1985.bmp,no
145,Keith Haring,"Untitled, 1984",1984????,POP ART,UNCOMMON,Oil,0.994,304.8,304.8,haring_untitled1984.bmp,no
146,Jasper Johns,Flag,1955????,DADAISM,RARE,Oil,0.33,107,154,johns_flag.bmp,no
147,Jasper Johns,White Flag,1955????,DADAISM,UNCOMMON,Oil,0.496,199,310,johns_white.bmp,no
148,Jasper Johns,Three Flags,1958????,DADAISM,RARE,Oil,0.666,78.3,115.6,johns_three.bmp,no
149,Jasper Johns,False Start,1959????,ABSTRACT,UNCOMMON,Oil,0.505,171,137,johns_false.bmp,no
150,Jasper Johns,Numbers in Colors,1959????,ABSTRACT,UNCOMMON,Oil,0.622,169,126,johns_numbers.bmp,no
151,Edouard Manet,Olympia,1863????,PORTRAIT,RARE,Oil,0.733,130.5,190,manet_olympia.bmp,no
152,Edouard Manet,Le Dejeuner sur l'herbe,1863????,PORTRAIT,LEGENDARY,Oil,0.259,208,264,manet_dejeuner.bmp,no
153,Edouard Manet,A Bar at the Foiles-Bergere,1882????,PORTRAIT,RARE,Oil,0.119,96,130,manet_bar.bmp,no
154,Edouard Manet,The Railway,1873????,PORTRAIT,UNCOMMON,Oil,0.21,93,112,manet_railway.bmp,no
155,Edouard Manet,The Spanish Singer,1860????,PORTRAIT,UNCOMMON,Oil,0.86,147.3,114.3,manet_spanish.bmp,no
156,Caravaggio,The Calling of St. Matthew,1600????,SCENE,RARE,Oil,0.853,322,340,caravaggio_calling.bmp,no
157,Caravaggio,Bacchus,1595????,PORTRAIT,LEGENDARY,Oil,0.638,95,85,caravaggio_bacchus.bmp,no
158,Caravaggio,Cardsharps,1594????,SCENE,RARE,Oil,0.604,94,131,caravaggio_cardsharps.bmp,no
159,Caravaggio,David with the Head of Goliath,1610????,PORTRAIT,RARE,Oil,0.655,125,101,caravaggio_david.bmp,no
160,Caravaggio,The Martyrdom of Saint Matthew,1600????,SCENE,LEGENDARY,Oil,0.029,127,135,caravaggio_martyrdom.bmp,no
161,Grant Wood,American Gothic,1930????,FOLK ART,MASTERPIECE,Oil,0.42,74.3,62.4,wood_american.bmp,no
162,Francisco Goya,The Third of May 1808,1814????,SCENE,RARE,Oil,0.271,266,380,goya_third.bmp,no
163,Francisco Goya,Saturn Devouring his Son,1823????,SCENE,LEGENDARY,Oil,0.605,143,81,goya_saturn.bmp,no
164,Francisco Goya,La Maja Desnuda,1800????,PORTRAIT,RARE,Oil,0.3,97,190,goya_maja.bmp,no
165,Francisco Goya,La Maja Vestida,1805????,PORTRAIT,UNCOMMON,Oil,0.717,97,190,goya_majav.bmp,no
166,Francisco Goya,Witches Sabbath (The Great He-Goat),1823????,SCENE,UNCOMMON,Oil,0.022,140,438,goya_witches.bmp,no
167,Titian,Bacchus and Ariadne,1523????,HISTORIC,RARE,Oil,0.174,175,190,titian_bacchus.bmp,no
168,Titian,Assumption of the Virgin,1518????,SCENE,LEGENDARY,Oil,0.432,690,360,titian_assumption.bmp,no
169,Titian,Diana and Actaeon,1559????,SCENE,RARE,Oil,0.351,185,202,titian_diana.bmp,no
170,Titian,Venus of Urbino,1538????,PORTRAIT,UNCOMMON,Oil,0.234,119,165,titian_venus.bmp,no
171,Titian,Sacred and Profane Love,1514????,SCENE,RARE,Oil,0.348,118,279,titian_sacred.bmp,no
172,Norman Rockwell,Freedom of Speech,1943????,FOLK ART,RARE,Oil,0.432,116.2,90,rockwell_freedom.bmp,no
173,Norman Rockwell,Freedom of Religion,1943????,FOLK ART,UNCOMMON,Oil,0.021,116.2,90,rockwell_religion.bmp,no
174,Norman Rockwell,Freedom from Want,1943????,FOLK ART,UNCOMMON,Oil,0.982,116.2,90,rockwell_want.bmp,no
175,Norman Rockwell,Freedom from Fear,1943????,FOLK ART,RARE,OIl,0.711,116.2,90,rockwell_fear.bmp,no
176,Norman Rockwell,Saying Grace,1951????,FOLK ART,UNCOMMON,Oil,0.018,110,100,rockwell_saying.bmp,no
177,Peter Paul Rubens,Massacre of the Innocents,1612????,SCENE,RARE,Oil,0.579,142,182,rubens_massacre.bmp,no
178,Peter Paul Rubens,The Descent from the Cross,1614????,SCENE,UNCOMMON,Oil,0.322,420.5,320,rubens_descent.bmp,no
179,Peter Paul Rubens,The Rape of the Daughters of Leucippus,1618????,SCENE,UNCOMMON,Oil,0.829,224,211,rubens_rape.bmp,no
180,Peter Paul Rubens,The Three Graces,1635????,SCENE,UNCOMMON,Oil,0.558,100,100,rubens_three.bmp,no
181,Peter Paul Rubens,The Elevation of the Cross,1611????,SCENE,RARE,Oil,0.307,460,340,rubens_elevation.bmp,no
182,Willem de Kooning,Untitled V,1982????,MODERNISM,RARE,Oil,0.353,203,178,kooning_untitled.bmp,no
183,Willem de Kooning,A Tree in Naples,1960????,MODERNISM,UNCOMMON,Oil,0.658,204,178,kooning_tree.bmp,no
184,Willem de Kooning,Two Women in the Country,1954????,MODERNISM,UNCOMMON,Oil,0.267,117,104,kooning_two.bmp,no
185,Willem de Kooning,Excavation,1950????,MODERNISM,RARE,Oil,0.705,206,257,kooning_excavation.bmp,no
186,Willem de Kooning,Woman III,1953????,MODERNISM,RARE,Oil,0.175,170,120,kooning_woman.bmp,no
187,Sandro Botticelli,The Birth of Venus,1486????,HISTORIC,MASTERPIECE,Oil,0.61,172,278,botticelli_birth.bmp,no
188,Sandro Botticelli,Primavera,1482????,SCENE,LEGENDARY,Oil,0.909,203,310,botticelli_primavera.bmp,no
189,Sandro Botticelli,Mars and Venus,1483????,SCENE,RARE,Oil,0.844,69,173,botticelli_mars.bmp,no
190,Sandro Botticelli,Adoration of the Magi of 1475,1476????,SCENE,RARE,Oil,0.552,111,134,botticelli_adoration.bmp,no
191,Sandro Botticelli,Madonna and Child and Two Angels,1469????,PORTRAIT,LEGENDARY,Oil,0.806,100,71,botticelli_madonna.bmp,no
192,El Greco,View of Toledo,1600????,LANDSCAPE,RARE,Oil,0.395,48,43,greco_view.bmp,no
193,El Greco,The Disrobing of Christ,1579????,SCENE,UNCOMMON,Oil,0.27,285,173,greco_disrobing.bmp,no
194,El Greco,Opening the Fifth Seal,1614????,SCENE,RARE,Oil,0.889,225,199,greco_opening.bmp,no
195,El Greco,Laocoon,1614????,SCENE,UNCOMMON,Oil,0.196,84,113,greco_laocoon.bmp,no
196,El Greco,The Purification of the Temple,1600????,SCENE,RARE,Oil,0.415,106,128,greco_purification.bmp,no
197,Mary Cassatt,The Child's Bath,1893????,SCENE,LEGENDARY,Oil,0.675,100,66,cassatt_child.bmp,no
198,Mary Cassatt,The Boating Party,1894????,IMPRESSIONISM,RARE,Oil,0.132,90,118,cassatt_boating.bmp,no
199,Mary Cassatt,Child In A Straw Hat,1886????,IMPRESSIONISM,UNCOMMON,Oil,0.758,65.3,49.2,cassatt_hat.bmp,no
200,Mary Cassatt,Little Girl in a Blue Armchair,1878????,IMPRESSIONISM,RARE,Oil,0.714,89,129.5,cassatt_little.bmp,no
201,Mary Cassatt,Lilacs in a Window,1880????,IMPRESSIONISM,RARE,Oil,0.678,50.8,61.595,cassatt_lilacs.bmp,no
202,Albrecht Durer,Durer's Rhinoceros,1515????,SKETCH,UNCOMMON,Woodcut,0.335,23.5,29.8,durer_rhinoceros.bmp,no
203,Albrecht Durer,Melancholia I,1514????,SKETCH,UNCOMMON,Woodcut,0.475,31,26,durer_melancholia.bmp,no
204,Albrecht Durer,Self-Portrait,1500????,PORTRAIT,UNCOMMON,"Acrylic, Oil",0.67,66,49,durer_self.bmp,no
205,Albrecht Durer,Young Hare,1502????,PORTRAIT,UNCOMMON,"Watercolor, Gouache",0.079,25,23,durer_young.bmp,no
206,Albrecht Durer,Praying Hands,1508????,SKETCH,UNCOMMON,Ink,0.924,29,19,durer_praying.bmp,no
207,Jean-Michel Basquiat,Irony of Negro Policeman,1981????,EXPRESSIONISM,UNCOMMON,"Acrylic, Crayon",0.119,183,122,basquiat_irony.bmp,no
208,Jean-Michel Basquiat,Hollywood Africans,1983????,EXPRESSIONISM,UNCOMMON,"Acrylic, Crayon",0.628,213.4,213.4,basquiat_hollywood.bmp,no
209,Jean-Michel Basquiat,Bird on Money,1981????,EXPRESSIONISM,RARE,"Acrylic, Crayon",0.916,167.5,228.5,basquiat_bird.bmp,no
210,Jean-Michel Basquiat,Fishing,1981????,EXPRESSIONISM,UNCOMMON,"Acrylic, Crayon",0.139,198.1,172.7,basquiat_fishing.bmp,no
211,Jean-Michel Basquiat,Scull,1981????,EXPRESSIONISM,RARE,"Acrylic, Crayon",0.671,207,175.9,basquiat_scull.bmp,no
212,Camille Pissarro,The Hermitage at Pontoise,1867????,IMPRESSIONISM,UNCOMMON,Oil,0.796,151,201,pissarro_hermitage.bmp,no
213,Camille Pissarro,"Pont Boieldieu in Rouen, Rainy Weather",1896????,IMPRESSIONISM,RARE,Oil,0.495,74,91,pissarro_pont.bmp,no
214,Camille Pissarro,The Little Country Maid,1882????,IMPRESSIONISM,UNCOMMON,Oil,0.766,64,53,pissarro_little.bmp,no
215,Camille Pissarro,"Place du Theatre Francais, Spring",1898????,IMPRESSIONISM,COMMON,Oil,0.515,66,82,pissarro_place.bmp,no
216,Camille Pissarro,"Rabbit Warren at Pontoise, Snow",1879????,IMPRESSIONISM,COMMON,Oil,0.609,59.2,72.3,pissarro_rabbit.bmp,no
217,Pieter Bruegel the Elder,Hunters in the Snow,1565????,OTHER,COMMON,Oil,0.299,117,162,bruegel_hunters.bmp,no
218,Pieter Bruegel the Elder,The Triumph of Death,1562????,OTHER,UNCOMMON,Oil,0.977,117,162,bruegel_triumph.bmp,no
219,Pieter Bruegel the Elder,"The ""Little"" Tower of Babel",1563????,OTHER,UNCOMMON,Oil,0.72,60,74.5,bruegel_tower.bmp,no
220,Pieter Bruegel the Elder,The Fight between Carnival and Lent,1559????,SCENE,UNCOMMON,Oil,0.168,118,164.5,bruegel_fight.bmp,no
221,Pieter Bruegel the Elder,The Gloomy Day,1559????,LANDSCAPE,RARE,Oil,0.381,118,163,bruegel_gloomy.bmp,no
222,Georges Braque,Violin and Candlestick,1910????,CUBISM,UNCOMMON,Oil,0.092,61,50,braque_violin.bmp,no
223,Georges Braque,Landscape at la Ciotat,1907????,CUBISM,RARE,Oil,0.746,72,59,braque_landscape.bmp,no
224,Georges Braque,Woman with a Guitar,1913????,CUBISM,UNCOMMON,Oil,0.719,130,73,braque_woman.bmp,no
225,Georges Braque,The Round Table,1929????,CUBISM,UNCOMMON,Oil,0.371,144.8,114,braque_round.bmp,no
226,Georges Braque,"La Guitare (Mandora, La Mandore)",1910????,CUBISM,RARE,Oil,0.078,71.1,55.9,braque_mandola.bmp,no
227,Damien Hirst,Mickey,2012????,ABSTRACT,UNCOMMON,Oil,0.264,182.9,105.5,hirst_mickey.bmp,no
228,Damien Hirst,Briareus,2012????,ABSTRACT,COMMON,"Entomological Specimens, Hammerite",0.198,365.8,243.8,hirst_briareus.bmp,no
229,Damien Hirst,Grace,2012????,ABSTRACT,UNCOMMON,"Butterflies, Household Gloss",0.744,140,140,hirst_grace.bmp,no
230,Damien Hirst,Hydrochloric Acid,2010????,ABSTRACT,COMMON,"UV Ink, Charcoal",0.885,183,146,hirst_hydrochloric.bmp,no
231,Damien Hirst,Capric Acid Amide,2003????,ABSTRACT,COMMON,Household Gloss,0.622,53.3,68.6,hirst_capric.bmp,no
232,Gerhard Richter,Mouth (Brigitte Bardot's Lips),1963????,POP ART,UNCOMMON,Oil,0.518,67,74,richter_mouth.bmp,no
233,Gerhard Richter,1024 Colours,1973????,ABSTRACT,UNCOMMON,Oil,0.325,299,299,richter_1024.bmp,no
234,Gerhard Richter,Man Shot Down,1988????,ABSTRACT,UNCOMMON,Oil,0.077,100,140,richter_man.bmp,no
235,Gerhard Richter,Abstract Picture,1994????,ABSTRACT,UNCOMMON,Oil,0.669,225,220,richter_abstract.bmp,no
236,Gerhard Richter,Prag 1983,1983????,ABSTRACT,UNCOMMON,Oil,0.639,250,250,richter_prag.bmp,no
237,Albert Oehlen,Peon,1996????,ABSTRACT,UNCOMMON,Oil,0.349,191.5,191.5,oehlen_peon.bmp,no
238,Richard Prince,Unaware of Being Despair,1994????,ABSTRACT,COMMON,Oil,0.773,345.4,243.8,prince_unaware.bmp,no
239,Richard Prince,Eden Rock,2006????,ABSTRACT,UNCOMMON,Oil,0.274,61,76.2,prince_eden.bmp,no
240,Richard Prince,Even Lower Manhattan,2007????,ABSTRACT,UNCOMMON,"Ink Jet, Acrylic",0.445,166.4,203.3,prince_even.bmp,no
241,Vito Acconci,City of Words,2010????,PHOTOGRAPH,COMMON,Photography,0.543,29.7,42,acconci_city.bmp,no
242,Anish Kapoor,Untitled,1987????,ABSTRACT,UNCOMMON,Gouache,0.612,38.5,30.2,kapoor_untitled.bmp,no
243,Anish Kapoor,Untitled,1990????,ABSTRACT,UNCOMMON,"Earth, Polyvinyl Acetate",0.9,56.2,76.1,kapoor_untitled2.bmp,no
244,Louise Bourgeois,Untitled,2005????,ABSTRACT,UNCOMMON,Fabric,0.119,30.4,42.5,bourgeois_untitled.bmp,no
245,Takashi Murakami,727,1996????,ABSTRACT,UNCOMMON,Synthetic Polymer,0.815,299.7,449.6,murakami_727.bmp,no
246,Takashi Murakami,Such Cute Flowers,2010????,POP ART,COMMON,"Lithograph, Print",0.297,50.8,50.8,murakami_such.bmp,no
247,Takashi Murakami,Jellyfish Eyes,2011????,POP ART,UNCOMMON,"Lithograph, Print",0.009,50.2,50.2,murakami_jellyfish.bmp,no
248,Takashi Murakami,"(Aqua Blue). And then, and then, and then",1999????,POP ART,UNCOMMON,"Lithograph, Print",0.995,68.5,68.5,murakami_and.bmp,no
249,Takashi Murakami,Melting DOB D,2000????,POP ART,UNCOMMON,"Lithograph, Print",0.137,69.8,69.8,murakami_melting.bmp,no
250,Shepard Fairey,Rise Above Cop,2006????,OTHER,UNCOMMON,Prints,0.319,119.4,83.8,fairey_rise.bmp,no
251,Chantal Joffe,Snowy Car,1969????,CONTEMPORARY,UNCOMMON,Oil,0.924,305,122,joffe_snowy.bmp,no
252,Chantal Joffe,Black Camisole,2004????,CONTEMPORARY,COMMON,Oil,0.86,336,124,joffe_black.bmp,no
253,Chantal Joffe,Moll Reclining,2014????,CONTEMPORARY,COMMON,Oil,0.118,30,60,joffe_moll.bmp,no
254,Njideka Akuny Crosby,"5 Umezebi Street, New Haven, Enugu",2012????,ABSTRACT,COMMON,"Acrylic, Charcoal, Pastel, Color Pencil",0.595,213.3,266.7,crosby_5.bmp,no
255,Njideka Akuny Crosby,Wedding Portrait,2012????,ABSTRACT,COMMON,"Acrylic, Charcoal, Pastel, Color Pencil",0.993,160,137.1,crosby_wedding.bmp,no
256,Njideka Akuny Crosby,The Beutyful Ones #1,2012????,ABSTRACT,COMMON,"Acrylic, Charcoal, Pastel, Color Pencil",0.276,152.4,106.7,crosby_beautyful1.bmp,no
257,Njideka Akuny Crosby,The Beutyful Ones #2,2013????,ABSTRACT,COMMON,"Acrylic, Charcoal, Pastel, Color Pencil",0.587,152.4,106.7,crosby_beautyful2.bmp,no
258,Njideka Akuny Crosby,Nwantini,2012????,ABSTRACT,COMMON,"Acrylic, Charcoal, Pastel, Color Pencil",0.101,169.8,243.8,crosby_nwantini.bmp,no
259,Varda Caivano,Untitled,2014????,ABSTRACT,COMMON,Oil,0.563,104,127,caivano_untitled.bmp,no
260,Varda Caivano,Untitled,2009????,ABSTRACT,COMMON,Oil,0.784,46,61,caivano_untitled2009.bmp,no
261,Peter Doig,100 Years Ago (Carrera),2001????,CONTEMPORARY,COMMON,Oil,0.213,229,358.5,doig_100.bmp,no
262,Peter Doig,Grande Riviere,2002????,CONTEMPORARY,COMMON,Oil,0.053,230,260,doig_grande.bmp,no
263,Peter Doig,Red Boat,2004????,CONTEMPORARY,COMMON,Oil,0.317,200,186,doig_red.bmp,no
264,Peter Doig,Pelican,2003????,CONTEMPORARY,COMMON,Oil,0.784,276,200.5,doig_pelican.bmp,no
265,Peter Doig,Spearfishing,2013????,CONTEMPORARY,COMMON,Oil,0.85,288,200,doig_spearfishing.bmp,no
266,Stan Douglas,Hair,2010????,PHOTOGRAPH,COMMON,Digital Print,0.835,45.7,45.1,douglas_hair.bmp,no
267,Stan Douglas,Actress,2010????,PHOTOGRAPH,COMMON,Digital Print,0.978,111.8,83.8,douglas_actress.bmp,no
268,Stan Douglas,Grips,2010????,PHOTOGRAPH,COMMON,Digital Print,0.471,40,101.6,douglas_grips.bmp,no
269,Stan Douglas,Juggler,2010????,PHOTOGRAPH,COMMON,Digital Print,0.783,188,152.1,douglas_juggler.bmp,no
270,Stan Douglas,Suspect,2010????,PHOTOGRAPH,COMMON,Digital Print,0.661,45.1,61,douglas_suspect.bmp,no
271,Inka Essenhigh,Green Goddess,2009????,CONTEMPORARY,COMMON,Oil,0.258,182.9,152.4,essenhigh_green.bmp,no
272,Inka Essenhigh,Stubborn Tree Spirit,2012????,CONTEMPORARY,COMMON,Oil,0.468,91.4,76.2,essenhigh_stubborn.bmp,no
273,Inka Essenhigh,Snowflake,2009????,CONTEMPORARY,COMMON,Oil,0.553,162.6,182.9,essenhigh_snowflake.bmp,no
274,Inka Essenhigh,Blue Wave,2002????,CONTEMPORARY,COMMON,Oil,0.9,177.8,188,essenhigh_blue.bmp,no
275,Idris Khan,Homage to Bernd Becher,2007????,CONTEMPORARY,COMMON,Digital Bromide Print,0.208,76.2,86.4,khan_homage.bmp,no
276,Idris Khan,Sigmund Freud's 'The Uncanny',2006????,CONTEMPORARY,COMMON,Lambda Digital C-Print,0.672,183.5,208.5,khan_sigmund.bmp,no
277,Idris Khan,"St. Paul's, London",2012????,CONTEMPORARY,COMMON,Digital Bromide Print,0.335,76.5,101.5,khan_st.bmp,no
278,Idris Khan,Caravaggio,2006????,CONTEMPORARY,COMMON,Lambda Digital C-Print,0.124,257,173,khan_caravaggio.bmp,no
279,John Korner,12 O'clock at the Beach,2012????,CONTEMPORARY,COMMON,Acrylic,0.766,180,240,korner_12.bmp,no
280,Wangechi Mutu,My Strength Lies,2007????,CONTEMPORARY,COMMON,"Ink, Acrylic",0.43,228.6,274.4,mutu_my.bmp,no
281,Alice Neel,Ginny in Striped Shirt,1969????,PORTRAIT,COMMON,Oil,0.126,152.4,101.6,neel_ginny.bmp,no
282,Alice Neel,Nancy and the Twins,1971????,PORTRAIT,COMMON,Oil,0.172,101.6,152.4,neel_nancy.bmp,no
283,Alice Neel,"The Family (John Gruen, Jane Wilson and Julia)",1970????,PORTRAIT,COMMON,Oil,0.441,153,147.3,neel_family.bmp,no
284,Alice Neel,Kenneth Doolittle,1931????,PORTRAIT,COMMON,Oil,0.334,66,60,neel_kenneth.bmp,no
285,Chris Ofili,Blossom,1997????,CONTEMPORARY,COMMON,Oil,0.154,243.8,182.8,ofili_blossom.bmp,no
286,Chris Ofili,Afronirvana,2002????,CONTEMPORARY,COMMON,Oil,0.97,474.3,365.8,ofili_afronirvana.bmp,no
287,Chris Ofili,Confession (Lady Chancellor),2007????,CONTEMPORARY,COMMON,Oil,0.496,281,195.3,ofili_confession.bmp,no
288,Chris Ofili,Untitled (Afromuse),2005????,CONTEMPORARY,COMMON,Oil,0.829,24.3,15.7,ofili_untitled.bmp,no
289,Chris Ofili,The Adoration of Captain Shit and the Legend of the Black Stars (ThirdVersion),1998????,CONTEMPORARY,COMMON,Mixed,0.994,243.8,182.8,ofili_adoration.bmp,no
290,Suling Wang,Island Soul,2012????,CONTEMPORARY,COMMON,"Oil, Acrylic",0.387,213,173,wang_island.bmp,no
291,Suling Wang,The Mountain Chases the River,2007????,CONTEMPORARY,COMMON,"Oil, Acrylic",0.941,254,200,wang_mountain.bmp,no
292,Suling Wang,Untitled,2005????,CONTEMPORARY,COMMON,"Oil, Acrylic",0.344,73,55,wang_untitled.bmp,no
293,Suling Wang,Night Soul,2004????,CONTEMPORARY,COMMON,"Oil, Acrylic",0.827,222.9,292.7,wang_night.bmp,no
294,Suling Wang,Lost Above Lanyu,2006????,CONTEMPORARY,COMMON,"Oil, Acrylic",0.194,201.9,186.7,wang_lost.bmp,no
295,Francesca Woodman,Polka Dot,1976????,PHOTOGRAPH,COMMON,Gelatin silver estate print,0.923,25.4,20.3,woodman_polka.bmp,no
296,Francesca Woodman,Untitled,1980????,PHOTOGRAPH,COMMON,Gelatin silver estate print,0.829,25.4,25.4,woodman_untitled.bmp,no
297,Francesca Woodman,Untitled,1978????,PHOTOGRAPH,COMMON,Gelatin silver estate print,0.193,25.4,20.3,woodman_untitled2.bmp,yes
298,Francesca Woodman,Space2,1978????,PHOTOGRAPH,COMMON,Gelatin silver estate print,0.005,25.4,20.3,woodman_space.bmp,no
299,Francesca Woodman,Angel,1978????,PHOTOGRAPH,COMMON,Gelatin silver estate print,0.803,20.3,25.4,woodman_angel.bmp,no
300,Gina Beavers,Deviled Eggs for the Potluck,2013????,CONTEMPORARY,COMMON,Acrylic,0.452,50.8,40.64,beavers_deviled.bmp,no
301,Gina Beavers,Dice Nail Love,2014????,CONTEMPORARY,COMMON,Acrylic,0.347,76.2,76.2,beavers_dice.bmp,no
302,Gina Beavers,Re-Animator Exhibition Poster,2014????,CONTEMPORARY,COMMON,Acrylic,0.202,61,45.7,beavers_re.bmp,no
303,Gina Beavers,Mini Chocolate Bunt Cake,2013????,CONTEMPORARY,COMMON,Acrylic,0.35,40.6,40.6,beavers_mini.bmp,no
304,Gina Beavers,Yum (Donuts),2013????,CONTEMPORARY,COMMON,Acrylic,0.669,40.6,40.6,beavers_yum.bmp,no
305,Dorothy Iannone,Luminous,2012????,CONTEMPORARY,COMMON,Acrylic,0.021,190,150,iannone_luminous.bmp,yes
306,Dorothy Iannone,Courting Ajaxander,1990????,CONTEMPORARY,COMMON,Acrylic,0.982,105,128,iannone_courting.bmp,yes
307,Dorothy Iannone,Our Liberties,2015????,CONTEMPORARY,COMMON,Acrylic,0.973,53,151.5,iannone_our.bmp,yes
308,Dorothy Iannone,Full Speed Ahead,1962????,CONTEMPORARY,COMMON,Collage,0.073,48,40,iannone_full.bmp,no
309,Dorothy Iannone,Outside the Law,1962????,CONTEMPORARY,COMMON,Collage,0.025,48,40,iannone_outside.bmp,no
310,Henning Bohl,Untitled,2014????,CONTEMPORARY,COMMON,Ink,0.065,39.7,30.5,bohl_1.bmp,no
311,Henning Bohl,Untitled,2014????,CONTEMPORARY,COMMON,Ink,0.856,126,89,bohl_2.bmp,no
312,Julia Fish,"NorthWest - One, with lights, action",2005????,CONTEMPORARY,COMMON,Oil,0.194,82.6,85.7,fish_northwest.bmp,no
313,Julia Fish,"SouthEast - Two, with lights, action",2005????,CONTEMPORARY,COMMON,Oil,0.577,81.3,83.2,fish_southeast.bmp,no
314,Andrew Brischler,Oblivion,2014????,CONTEMPORARY,COMMON,Mixed,0.085,213.4,182.9,brischler_oblivion.bmp,no
315,Andrew Brischler,Novacane (Orange),2014????,CONTEMPORARY,COMMON,Mixed,0.198,101.6,76.2,brischler_novacane.bmp,no
316,Andrew Brischler,Hunger,2014????,CONTEMPORARY,COMMON,Mixed,0.936,43.2,35.7,brischler_hunger.bmp,no
317,Andrew Brischler,Dark Horse,2014????,CONTEMPORARY,COMMON,Mixed,0.7,35.7,27.9,brischler_dark.bmp,no
318,Andrew Brischler,Marrow,2014????,CONTEMPORARY,COMMON,Mixed,0.371,213.4,182.9,brischler_marrow.bmp,no
319,Joseph Pollack,Axon,2005????,MODERNISM,COMMON,Graphite,0.479,113.9,100,pollack_axon.bmp,no
320,Joseph Pollack,Form,2005????,CONTEMPORARY,COMMON,Charcoal,0.415,62.9,150,pollack_form.bmp,no
321,Joseph Pollack,Sky,2005????,SKETCH,COMMON,Pencil,0.328,211.8,400,pollack_sky.bmp,no
322,Joseph Pollack,Sky,2005????,SKETCH,COMMON,Pencil,0.65,149,400,pollack_sky2.bmp,no
323,Lucy Dodd,Pink Blissard,2012????,CONTEMPORARY,COMMON,Gouache,0.837,50.8,69.9,dodd_pink.bmp,no
324,Nicolas Lamas,Paul,2014????,CONTEMPORARY,COMMON,Inkjet,0.773,150.1,113,lamas_paul.bmp,no
325,Nicolas Lamas,Tomas,2014????,CONTEMPORARY,COMMON,Inkjet,0.984,150.1,113,lamas_tomas.bmp,no
326,Nicolas Lamas,Lourdes,2014????,CONTEMPORARY,COMMON,Inkjet,0.175,150.1,113,lamas_lourdes.bmp,no
327,Jose Maria Sicilia,El Instante,2013????,CONTEMPORARY,COMMON,Ink,0.195,224,162.8,sicilia_instante.bmp,no
328,Jose Maria Sicilia,El Instante,2013????,CONTEMPORARY,COMMON,Ink,0.951,78,111,sicilia_instante2.bmp,no
329,Jose Maria Sicilia,El Instante,2014????,CONTEMPORARY,COMMON,Ink,0.032,205,104.9,sicilia_instante3.bmp,no
330,Keith Mayerson,Andrew and the Pups at the Pool,2011????,CONTEMPORARY,COMMON,Oil,0.926,76.2,55.9,mayerson_andrew.bmp,no
331,Keith Mayerson,"After Peanuts: Pictures to Color (Homage to Alicia, 2005)",2012????,CONTEMPORARY,COMMON,Oil,0.705,96.5,71.12,mayerson_after.bmp,no
332,Keith Mayerson,George Cutting John's Hair,2005????,CONTEMPORARY,COMMON,Oil,0.522,147.3,101.6,mayerson_george.bmp,no
333,Keith Mayerson,King Kong,2004????,CONTEMPORARY,COMMON,Oil,0.532,86.4,127,mayerson_king.bmp,no
334,Keith Mayerson,Gold James Dean (Torn Sweater),2012????,CONTEMPORARY,COMMON,Oil,0.832,96.5,50.8,mayerson_gold.bmp,no
335,Jesse Willenbring,Birdseye View,2014????,CONTEMPORARY,COMMON,Mixed,0.49,66.04,55.88,willenbring_birdseye.bmp,no
336,Jesse Willenbring,Still Life in Mountainous,2014????,CONTEMPORARY,COMMON,Mixed,0.409,68.6,58.42,willenbring_still.bmp,no
337,Jesse Willenbring,Travel Poster,2014????,CONTEMPORARY,COMMON,Mixed,0.666,111.76,81.28,willenbring_travel.bmp,no
338,Jesse Willenbring,Flower Drawings,2013????,CONTEMPORARY,COMMON,Mixed,0.396,35.56,27.94,willenbring_flower.bmp,no
339,Elizabeth Huey,Three Muses,2013????,CONTEMPORARY,COMMON,Mixed,0.382,37.34,27.31,huey_three.bmp,yes
340,Elizabeth Huey,Summer Stretch,2014????,CONTEMPORARY,COMMON,Mixed,0.731,46.36,50.8,huey_summer.bmp,no
341,Elizabeth Huey,Two Girls and a Machine,2003????,CONTEMPORARY,COMMON,Mixed,0.578,71.12,88.9,huey_two.bmp,no
342,Elizabeth Huey,Playtime,2003????,CONTEMPORARY,COMMON,Watercolor,0.726,58.5,76.2,huey_playtime.bmp,yes
343,Victor Vasarely,Ilile D,1990????,ABSTRACT,UNCOMMON,Screen color print,0.572,76,76,vasarely_ilile.bmp,no
344,Victor Vasarely,Okta-Cube,1974????,ABSTRACT,UNCOMMON,Screen color print,0.062,65,65,vasarely_okta.bmp,no
345,Victor Vasarely,Stri-Arct II,1977????,ABSTRACT,UNCOMMON,Screen color print,0.187,74.8,69.9,vasarely_stri.bmp,no
346,Victor Vasarely,Ion 2,1969????,ABSTRACT,UNCOMMON,Screen color print,0.73,68,68,vasarely_ion.bmp,no
347,Victor Vasarely,Ilile C,1990????,ABSTRACT,UNCOMMON,Screen color print,0.655,76,76,vasarely_ililec.bmp,no
348,Ellen Carey,Dings and Shadows (EC22),2012????,PHOTOGRAPH,COMMON,Color photogram,0.14,60.96,50.8,carey_dings.bmp,no
349,Ellen Carey,Pen Light Drawing 30-07 (EC239),2007????,PHOTOGRAPH,COMMON,Color photogram,0.219,60.96,50.8,carey_pen.bmp,no
350,Ellen Carey,Dings and Shadows,2014????,PHOTOGRAPH,COMMON,Color photogram,0.16,60.96,50.8,carey_dings2.bmp,no
351,Ellen Carey,Dings and Shadows,2012????,PHOTOGRAPH,COMMON,Color photogram,0.528,60.96,50.8,carey_dings3.bmp,no
352,Christo & Jeanne-Claude,Wrapped Snoopy Project for the Charles M. Schulz Museum,2005????,SKETCH,COMMON,Lithograph,0.381,62.23,53.95,claude_wrapped.bmp,no
353,Christo & Jeanne-Claude,"Wrapped Vespa Project, 1963-1964",2008????,SKETCH,COMMON,Pigment print,0.274,31,31,claude_wrapped2.bmp,no
354,Christo & Jeanne-Claude,Wrapped Fountain,2009????,SKETCH,COMMON,Lithograph,0.248,55.88,71.76,claude_wrapped3.bmp,no
355,Marilyn Dintenfass,Siteline,2013????,CONTEMPORARY,COMMON,Monoprint,0.029,45.72,45.72,dintenfass_siteline.bmp,no
356,Eric Fischl,Tumbling Woman,2012????,CONTEMPORARY,COMMON,Digital print,0.635,33.02,50.8,fischl_tumbling.bmp,no
357,Eric Fischl,Untitled Beach Scene H.C. # 4/8,2011????,CONTEMPORARY,COMMON,Digital print,0.191,35.56,48.26,fischl_untitled.bmp,no
358,Eric Fischl,Cheetah,2014????,CONTEMPORARY,COMMON,Watercolor,0.936,24.13,33.02,fischl_cheetah.bmp,no
359,Eric Fischl,Arching Woman,2012????,CONTEMPORARY,COMMON,Pigment print,0.972,50.8,34.29,fischl_arching.bmp,no
360,Eric Fischl,Untitled,2011????,CONTEMPORARY,COMMON,Lithograph,0.272,76.2,68.58,fischl_untitled2.bmp,no
361,Kate Shepherd,"Splendor of Duration, Triumph of the Moment",2013????,CONTEMPORARY,COMMON,Screenprint,0.389,100.33,62.87,shepherd_splendor.bmp,no
362,Kate Shepherd,Candice Bergen,2013????,CONTEMPORARY,COMMON,Mixed,0.054,24.13,19.69,shepherd_candice.bmp,no
363,Kate Shepherd,Elm Street,2014????,CONTEMPORARY,COMMON,Acrylic,0.466,17.78,22.86,shepherd_elm.bmp,no
364,Kate Shepherd,Still-Life with Pants and Violin,2012????,CONTEMPORARY,COMMON,Acrylic,0.033,43.18,43.18,shepherd_still.bmp,no
365,Cecily Brown,Untitled,2011????,ABSTRACT,COMMON,Gouache,0.119,40.96,30.8,brown_untitled.bmp,no
366,Cecily Brown,"Trouble in Paradise, 2",2012????,ABSTRACT,COMMON,"Watercolor, Gouache",0.388,35.56,50.8,brown_trouble.bmp,no
367,Cecily Brown,Untitled,2013????,ABSTRACT,COMMON,"Watercolor, Gouache",0.997,35.88,51.12,brown_untitled2.bmp,no
368,Cecily Brown,Strolling Actresses,2012????,ABSTRACT,COMMON,Ink,0.093,26.04,35.88,brown_strolling.bmp,no
369,Cecily Brown,What the Shepherd Saw,2013????,ABSTRACT,COMMON,Lithograph,0.775,35.56,48.26,brown_what.bmp,no
370,Landon Wilson,Carbon Planet,2015????,CONTEMPORARY,COMMON,Digital,0.226,42,78,wilson_carbon.bmp,no
371,Landon Wilson,Schrodinger's Cat,2015????,CONTEMPORARY,UNCOMMON,"Oil, Acrylic, Graphite",0.802,22.9,34.3,wilson_schrodingers.bmp,no
372,Landon Wilson,Rhinos,2012????,CONTEMPORARY,UNCOMMON,"Oil, Acrylic, Dirt",0.411,50.8,40.6,wilson_rhinos.bmp,no
373,Isaac Brest,Down the Line,2014????,CONTEMPORARY,UNCOMMON,"Painter's Tape, Drywall",0.708,60.96,45.72,brest_down.bmp,no
374,Isaac Brest,Ideal for Painting,2014????,CONTEMPORARY,UNCOMMON,Drywall,0.073,52.71,42.55,brest_ideal.bmp,no
375,Robert Swain,Hal,2014????,CONTEMPORARY,UNCOMMON,Acrylic,0.912,91.44,91.44,swain_hal.bmp,no
376,Kate Steciw,"Amber, Beverage, Booze, Chrome, Construction, Corrode, Dark, Elements, Flow, Golden, Heavy, Iron, Junk, Object, Oil, Pencil, Pipe, Rust, Texture, Tube",2013????,CONTEMPORARY,UNCOMMON,Mixed,0.573,101.6,127,steciw_amber.bmp,no
377,Kate Steciw,"Abstract, Anxiety, Asphalt, Automotive, Auto, Background, Bolt, Blur, Chrome, Engine, Expensive, Faux, Freedom, Highway, Home, Hypnos, Lightening, Luxury, Marble, Metal, Mock, Modern, Performance, Power, Prestige, Preconception, Shine, Silk, Sky, Speed, S",2012????,CONTEMPORARY,UNCOMMON,Mixed,0.915,101.6,76.2,steciw_abstract.bmp,no
378,Kika Karadi,Untitled,2012????,CONTEMPORARY,UNCOMMON,Ink,0.261,27.94,35.56,karadi_untitled.bmp,no
379,Kika Karadi,Untitled,2013????,CONTEMPORARY,UNCOMMON,Ink,0.109,45.72,60.96,karadi_untitled_h.bmp,no
380,Kika Karadi,Untitled (OPM no. 15),2014????,CONTEMPORARY,UNCOMMON,Oil,0.587,203.2,124.46,karadi_untitled_15.bmp,no
381,Mark Flood,Gunnite Pool,2013????,CONTEMPORARY,UNCOMMON,Acrylic,0.715,101.6,76.2,flood_gunnite.bmp,no
382,Mark Flood,Urn,2012????,CONTEMPORARY,UNCOMMON,Acrylic,0.605,55.8,45.72,flood_urn.bmp,no
383,Mark Flood,Bermuda Triangle,2013????,CONTEMPORARY,UNCOMMON,Acrylic,0.629,76.2,60.96,flood_bermuda.bmp,no
384,Mark Flood,Sultry Bends,2014????,CONTEMPORARY,UNCOMMON,Acrylic,0.031,182.88,121.92,flood_sultry.bmp,no
385,Mark Flood,Greengold,2012????,CONTEMPORARY,UNCOMMON,Acrylic,0.163,96.52,71.12,flood_greengold.bmp,no
386,Kasper Sonne,BAD (RX),2015????,CONTEMPORARY,UNCOMMON,Mixed,0.011,121.92,91.44,sonne_bad.bmp,no
387,Kasper Sonne,TXC (GH),2014????,CONTEMPORARY,UNCOMMON,Mixed,0.754,101.6,76.2,sonne_txc.bmp,no
388,Kasper Sonne,Untitled (opium),2011????,CONTEMPORARY,UNCOMMON,Acrylic,0.842,32.39,24.77,sonne_opium.bmp,no
389,Joshua Abelow,Untitled (Abstraction FUU),2011????,CONTEMPORARY,UNCOMMON,Oil,0.62,30.48,22.86,abelow_untitled.bmp,no
390,Joshua Abelow,"Untitled (Abstraction ""FJJ""),",2010????,CONTEMPORARY,UNCOMMON,Oil,0.23,60.96,45.72,abelow_fjj.bmp,no
391,Joshua Abelow,Running Man,2014????,CONTEMPORARY,UNCOMMON,Oil,0.56,152.4,114.3,abelow_running.bmp,no
392,Joshua Abelow,"Untitled (Abstraction “FND”),",2012????,CONTEMPORARY,UNCOMMON,Oil,0.56,30.48,22.86,abelow_fnd.bmp,no
393,Joshua Abelow,Untitled,2010????,CONTEMPORARY,UNCOMMON,Oil,0.52,30.48,22.86,abelow_untitled_2.bmp,no
394,Alexander Kroll,Sequence and Snow,2014????,CONTEMPORARY,UNCOMMON,Mixed,0.63,152.4,152.4,kroll_sequence.bmp,no
395,Alexander Kroll,Small Poem,2013????,CONTEMPORARY,UNCOMMON,Mixed,0.74,50.8,40.64,kroll_small.bmp,no
396,Petra Cortright,krakow_1.psd,2014????,CONTEMPORARY,UNCOMMON,Digital,0.67,101.6,91.44,cortright_krakow.bmp,no
397,Petra Cortright,vampire masquerade CD-ROM GaMez,2013????,CONTEMPORARY,UNCOMMON,Digital,0.95,121.92,162.56,cortright_vampire.bmp,no
398,Petra Cortright,reflectingpool_black,2015????,CONTEMPORARY,UNCOMMON,Digital,0.37,91.44,152.4,cortright_reflectingpool.bmp,no
399,Liang Wei,Untitled,2004????,CONTEMPORARY,UNCOMMON,Oil,0.77,112.4,146.05,wei_untitled.bmp,no
400,Ange Leccia,La Mer,2014????,CONTEMPORARY,UNCOMMON,Print,0.09,56.25,100,leccia_la.bmp,no
401,Josh Reames,Houseplant,2013????,CONTEMPORARY,UNCOMMON,"Acrylic, Oil",0.21,91.44,101.6,reames_houseplant.bmp,no
402,Josh Reames,Juiced,2014????,CONTEMPORARY,UNCOMMON,Acrylic,0.16,116.84,137.16,reames_juiced.bmp,no
403,Josh Reames,(Untitled),2014????,CONTEMPORARY,UNCOMMON,Acrylic,0.51,40.64,30.48,reames_untitled.bmp,no
404,Michael Craig-Martin,Untitled (High Heel),2012????,CONTEMPORARY,UNCOMMON,Acrylic,0.09,197.99,197.99,martin_untitled.bmp,no
405,Michael Craig-Martin,LCD Portrait Commission,2014????,CONTEMPORARY,UNCOMMON,Digital,0.81,125.73,74.93,martin_lcd.bmp,no
406,Michael Craig-Martin,Briefcase,2012????,CONTEMPORARY,UNCOMMON,Acrylic,0.15,197.99,197.99,martin_briefcase.bmp,no
407,Michael Craig-Martin,Go,2011????,CONTEMPORARY,UNCOMMON,Screenprint,0.96,29.92,23.62,martin_go.bmp,no
408,Julian Opie,This is Shahnoza no.5,2006????,CONTEMPORARY,UNCOMMON,Screenprint,0.98,57,135.99,opie_this.bmp,yes
409,Julian Opie,Untitled,2002????,CONTEMPORARY,UNCOMMON,Watercolor,0.25,30.48,39.37,opie_untitled.bmp,no
410,Julian Opie,Woman posing in underpants in two stages 3,2003????,CONTEMPORARY,UNCOMMON,Vinyl,0.94,239,178,opie_woman.bmp,yes
411,Yue Minjun,Pyramid,2001????,CONTEMPORARY,UNCOMMON,Seriagraph,0.28,117.09,78.99,minjun_pyramid.bmp,no
412,Yue Minjun,Untitled (Smile-ism No. 18),2006????,CONTEMPORARY,UNCOMMON,Lithography,0.29,109.22,88.9,minjun_untitled.bmp,no
413,Yue Minjun,Untitled (Smile-ism No. 16),2006????,CONTEMPORARY,UNCOMMON,Lithography,0.08,78.74,109.22,minjun_untitled_16.bmp,no
414,Yue Minjun,Untitled (Smile-ism No. 6),2006????,CONTEMPORARY,UNCOMMON,Lithography,0.93,109.22,78.74,minjun_untitled_6.bmp,no
415,Yue Minjun,Untitled (Smile-ism No. 10),2006????,CONTEMPORARY,UNCOMMON,Lithography,0.72,109.22,88.9,minjun_untitled_10.bmp,no
416,Zhang Xiaogang,Big Family No. 9 (from Bloodline series),2003????,CONTEMPORARY,UNCOMMON,Lithography,0.175,57.15,71.12,xiaogang_big.bmp,no
417,Zhang Xiaogang,Bloodline: Big Family Series,2003????,CONTEMPORARY,UNCOMMON,Lithography,0.195,56.9,71.88,xiaogang_bloodline.bmp,no
418,Zhang Xiaogang,My Hope,2003????,CONTEMPORARY,UNCOMMON,Lithography,0.951,46.99,38.1,xiaogang_my.bmp,no
419,Zhang Xiaogang,Siblings,2014????,CONTEMPORARY,UNCOMMON,Mixed,0.926,50,60,xiaogang_siblings.bmp,no
420,Zhang Xiaogang,My Memory No. 1,2002????,CONTEMPORARY,UNCOMMON,Lithography,0.032,116.84,132.08,xiaogang_memory.bmp,no
421,Matthew Ritchie,Office of the Dawn,2012????,CONTEMPORARY,COMMON,"Ink, Pencil",0.21,83.82,62.5,ritchie_office.bmp,no
422,Matthew Ritchie,The Fourth Office,2011????,CONTEMPORARY,COMMON,"Ink, Pencil",0.16,86.36,66.04,ritchie_fourth.bmp,no
423,Matthew Ritchie,Untitled (from The Morning Line),2008????,CONTEMPORARY,COMMON,"Ink, Pencil",0.51,30.48,40.64,ritchie_untitled.bmp,no
424,Matthew Ritchie,The Lighting of the Lamps,2012????,CONTEMPORARY,COMMON,"Ink, Pencil",0.951,83.82,63.5,ritchie_lighting.bmp,no